time_s,input_current_nA
0.0,95.369026
0.0001,95.369026
0.0002,95.369026
0.00030000000000000003,95.369026
0.0004,95.369026
0.0005,95.369026
0.0006000000000000001,95.369026
0.0007,95.369026
0.0008,95.369026
0.0009000000000000001,95.369026
