time_s,input_current_nA
0.0,2.026791
0.0001,2.026791
0.0002,2.026791
0.00030000000000000003,2.026791
0.0004,2.026791
0.0005,2.026791
0.0006000000000000001,2.026791
0.0007,2.026791
0.0008,2.026791
0.0009000000000000001,2.026791
