time_s,input_current_nA
0.0,5.9768004
0.0001,5.9768004
0.0002,5.9768004
0.00030000000000000003,5.9768004
0.0004,5.9768004
0.0005,5.9768004
0.0006000000000000001,5.9768004
0.0007,5.9768004
0.0008,5.9768004
0.0009000000000000001,5.9768004
