time_s,input_current_nA
0.0,99.66717
0.0001,99.66717
0.0002,99.66717
0.00030000000000000003,99.66717
0.0004,99.66717
0.0005,99.66717
0.0006000000000000001,99.66717
0.0007,99.66717
0.0008,99.66717
0.0009000000000000001,99.66717
