python_spike_time_s,cadence_spike_time_s,timing_error_s,timing_error_us
0.015160000000000002,0.0152685010550297,-0.00010850105502969824,-108.50105502969824
