python_spike_time_s,cadence_spike_time_s,timing_error_s,timing_error_ms
0.047,0.0432404558471176,0.003759544152882398,3.759544152882398
0.094,0.0901210032981648,0.0038789967018351967,3.878996701835197
